x1,x2,x3,x4,x5,x6,x7,x8,x9,x10,x11,x12,x13,x14,x15,x16,x17,x18,x19,x20,x21,x22,x23,x24,x25,x26,x27,x28,x29,x30,x31,x32,x33,x34,x35,x36,x37,x38,x39,x40,x41,x42,x43,x44,x45,x46,x47,x48,x49,x50,x51,x52,x53,x54,x55,x56,x57,x58,x59,x60,x61,x62,x63,x64,x65,x66,x67,x68,x69,x70,x71,x72,x73,x74,x75,x76,x77,x78,x79,x80,x81,x82,x83,x84,x85,x86,x87,x88,x89,x90,x91,x92,x93,x94,x95,x96,x97,x98,x99,x100,y1,y2,y3,y4,y5,y6,y7,y8,y9,y10,y11,y12,y13,y14,y15,y16,y17,y18,y19,y20,y21,y22,y23,y24,y25,y26,y27,y28,y29,y30,y31,y32,y33,y34,y35,y36,y37,y38,y39,y40,y41,y42,y43,y44,y45,y46,y47,y48,y49,y50,y51,y52,y53,y54,y55,y56,y57,y58,y59,y60,y61,y62,y63,y64,y65,y66,y67,y68,y69,y70,y71,y72,y73,y74,y75,y76,y77,y78,y79,y80,y81,y82,y83,y84,y85,y86,y87,y88,y89,y90,y91,y92,y93,y94,y95,y96,y97,y98,y99,y100
0.439016523,0.79590473,0.457454911,0.83460391,0.453855618,0.847111468,0.464311363,0.854059164,0.440280147,0.809889391,0.457592728,0.801637486,0.424120963,0.819109235,0.469472015,0.808946234,0.444732392,0.839600093,0.46791052,0.818114721,0.434780008,0.820467257,0.462997922,0.829060822,0.461769319,0.800439054,0.465578644,0.798416401,0.446722472,0.830651197,0.456955783,0.807408655,0.440951975,0.823478791,0.462510243,0.83723649,0.453162811,0.811602906,0.446288423,0.827980831,0.443616718,0.780332923,0.478036441,0.805387207,0.453060528,0.80175309,0.447848046,0.823147591,0.456303263,0.808276519,0.476455614,0.780501392,0.431159017,0.791676757,0.482420778,0.835966675,0.442460138,0.748174235,0.45330809,0.803819589,0.45449373,0.809592406,0.4539667,0.822391107,0.448230203,0.806415905,0.438342226,0.846341573,0.441032863,0.808250901,0.469523206,0.762384419,0.429517634,0.782641864,0.46059303,0.815448329,0.438643318,0.754602592,0.461830698,0.808362106,0.460446032,0.807073915,0.456674621,0.822086222,0.459051391,0.811796931,0.448867799,0.815309247,0.427023789,0.839561741,0.475829667,0.784020376,0.442391577,0.784982162,0.474384244,0.831866419,0.437608605,0.801679989,0.451430183,0.797820182,0.8459857,0.4346899,0.8490666,0.4395517,0.8476861,0.4177949,0.8222354,0.4737805,0.8276174,0.4314709,0.8767149,0.451984,0.8508972,0.444829,0.8481225,0.4401083,0.8622906,0.4125555,0.8358789,0.4511949,0.8551854,0.4357341,0.8655524,0.4699951,0.8624898,0.4405863,0.843177,0.4680037,0.8552596,0.413651,0.8658472,0.4494324,0.8624644,0.4203889,0.8747739,0.4414559,0.9131547,0.4149351,0.8552169,0.438126,0.8723226,0.4147499,0.872603,0.4511933,0.8222286,0.4061063,0.8386878,0.4589361,0.8868958,0.4107938,0.8446696,0.4482661,0.8491048,0.421895,0.8571826,0.4514255,0.8521643,0.4268996,0.8724801,0.4401321,0.8621159,0.417487,0.8576604,0.4514789,0.8306954,0.4113521,0.8416416,0.4604073,0.8607603,0.4350408,0.8311426,0.4655917,0.868841,0.4181992,0.8286697,0.4444224,0.8618731,0.4244296,0.8210103,0.4830083,0.9015511,0.4414196,0.8401707,0.4671888,0.831042,0.4224954,0.82087,0.475074,0.8694707,0.4242167,0.8688189,0.4516815,0.8670384,0.435312,0.8681484,0.4515134,0.842933,0.4150155,0.8600453,0.4794513
0.506058313,0.838225549,0.411363991,0.829701705,0.498022144,0.819293119,0.422374054,0.819232693,0.495099387,0.828092117,0.40526506,0.773189917,0.502629175,0.818447727,0.413014677,0.794538394,0.457200661,0.842634712,0.419123722,0.791510261,0.486109889,0.823629243,0.42563553,0.805087981,0.491808371,0.838563089,0.401692369,0.796536534,0.488065298,0.804441947,0.410243129,0.827301338,0.48870311,0.798727016,0.412339236,0.822378987,0.476515223,0.804803386,0.426713155,0.802692685,0.50140738,0.829672402,0.422545055,0.859668104,0.505889295,0.832224818,0.414458076,0.806644453,0.464627525,0.785687431,0.426861705,0.820394773,0.496565065,0.805630607,0.424905921,0.808505682,0.485406701,0.830803016,0.413321206,0.821472059,0.483721156,0.83113993,0.416738811,0.793584019,0.485890512,0.819075389,0.428055985,0.802637705,0.479991972,0.818912176,0.400651139,0.826884815,0.494464584,0.819600626,0.396432683,0.804788719,0.503769356,0.811147468,0.412566204,0.764397647,0.498696847,0.782892058,0.404157668,0.814579649,0.504882708,0.827148815,0.413976576,0.799587965,0.516028349,0.764180712,0.425543799,0.798935984,0.484124054,0.84606566,0.4050874,0.813381461,0.471662724,0.844794728,0.402406889,0.806073261,0.8439424,0.512774,0.8549644,0.3811446,0.8346315,0.5048863,0.8786334,0.3861772,0.8636952,0.508358,0.8458821,0.3602864,0.8475587,0.4985136,0.8935787,0.3738551,0.7987873,0.5041957,0.8733446,0.3711257,0.8569486,0.5215692,0.8876919,0.3910752,0.8302991,0.5200556,0.8573869,0.3719094,0.7903638,0.5146691,0.8568961,0.3678108,0.8507183,0.5089318,0.8693372,0.3638172,0.8167588,0.5153661,0.8910614,0.3725895,0.8340958,0.5170222,0.8722423,0.3686876,0.8228261,0.4929213,0.8313603,0.378139,0.8237254,0.5044169,0.8837135,0.3694704,0.8206786,0.5041926,0.901965,0.3753892,0.8368425,0.5035664,0.8372545,0.3615371,0.8149779,0.5176716,0.8399799,0.3821589,0.8156745,0.5262031,0.8807651,0.376529,0.8266693,0.4967819,0.8781722,0.3706378,0.8054165,0.5094417,0.9046915,0.3729835,0.8032984,0.5009772,0.9112779,0.3918776,0.8305545,0.511216,0.9239367,0.3689574,0.8256132,0.5072134,0.8789935,0.3669462,0.817101,0.5262617,0.8916839,0.3758266,0.8294253,0.4989502,0.8491437,0.3756877,0.8244617,0.4949233,0.9146851,0.3769392
0.696925344,0.690451242,0.627740119,0.859904265,0.282441491,0.752354435,0.50101544,0.947772807,0.027168958,0.097841323,0.318880167,0.865397032,0.34583865,0.775189241,0.456155437,0.8413761,0.440527438,0.865292323,0.433640407,0.870330237,0.431758067,0.828708655,0.414680387,0.829923132,0.480770422,0.85608824,0.342823519,0.764255622,0.613031471,0.738116019,0.57751702,0.763647765,0.566564833,0.787176897,0.512376495,0.801865281,0.558546964,0.862723769,0.204936404,0.616131933,0.741154234,0.642802181,0.655756757,0.785731862,0.447381466,0.881587598,0.111434772,0.345191514,0.802625274,0.387595706,0.822989927,0.415396432,0.819998476,0.540419855,0.8466845,0.275571127,0.701855918,0.637956572,0.788330134,0.465602904,0.851743569,0.300743242,0.752947454,0.625811826,0.658126295,0.858315124,0.400387705,0.80379464,0.464649243,0.820396958,0.511424832,0.873799169,0.229147238,0.680163328,0.695200953,0.776499626,0.531794856,0.91571255,0.009706148,0.039367041,0.129780837,0.440307203,0.768342902,0.491442983,0.854633445,0.35609035,0.778203827,0.599160633,0.729595975,0.4599702,0.851264743,0.194349621,0.604980075,0.739064378,0.650309305,0.757815203,0.60176799,0.788620774,0.458765634,0.834052588,0.4118299,0.8852401,0.3781387,0.894594,0.407341,0.9011117,0.3079917,0.8035623,0.5665483,0.934854,0.2472023,0.6958163,0.7768933,0.6189929,0.880071,0.3853931,0.8812001,0.3946776,0.9081384,0.3698609,0.8760587,0.3985309,0.9308837,0.3137425,0.7942008,0.6136541,0.9213952,0.2999196,0.7821287,0.5899168,0.9177861,0.3426367,0.8387042,0.5108899,0.9345893,0.2065136,0.6151867,0.8914299,0.3663479,0.8816461,0.4086802,0.9105685,0.3133692,0.816939,0.5788031,0.8944016,0.275176,0.7521223,0.6952032,0.8386581,0.5478268,0.980638,0.2743525,0.7488597,0.7326759,0.7348376,0.7283925,0.775215,0.7232324,0.8197834,0.6723345,0.7866543,0.5605872,0.9511162,0.2241675,0.6463555,0.9149235,0.4434838,0.9381229,0.2401855,0.7281208,0.8079862,0.6251102,0.8713191,0.3906501,0.8888675,0.3959765,0.907313,0.3731682,0.8945881,0.4176785,0.9444165,0.3253703,0.8172538,0.5559275,0.8954235,0.2480219,0.6755437,0.7374454,0.7029344,0.8453143,0.5486731,0.8985171,0.2631341,0.7794361,0.6994501,0.7596653,0.7064913,0.7746023,0.6084188
0.763918549,0.41168646,0.887596207,0.2176659,0.589196864,0.745848295,0.668235542,0.617969741,0.784867157,0.481106356,0.868316208,0.149535842,0.447173082,0.795467042,0.515988834,0.763761987,0.5033035,0.779100128,0.590130153,0.752489955,0.592381551,0.737715518,0.637391941,0.673546578,0.675259395,0.58322566,0.831649574,0.245286848,0.662728859,0.624683612,0.834024348,0.377351969,0.767935807,0.302901112,0.787190322,0.426816087,0.821666553,0.234861445,0.678699277,0.625043217,0.749653106,0.470223116,0.855199724,0.15841199,0.434451974,0.785170964,0.555163273,0.7420138,0.544323697,0.761736842,0.587390922,0.770741273,0.554162523,0.727459133,0.645163975,0.6685389,0.654219723,0.587318073,0.855032607,0.263196606,0.669071011,0.636337907,0.784324523,0.344229475,0.759800345,0.412358539,0.853469519,0.207545126,0.609020043,0.747455232,0.655273867,0.64282779,0.744467054,0.461640253,0.87555877,0.155568036,0.465042426,0.756211229,0.552754134,0.775147247,0.49929216,0.794512038,0.580845529,0.780329522,0.56856202,0.722453974,0.643838544,0.682427364,0.685984686,0.551577993,0.85930774,0.244124922,0.638184486,0.634652255,0.788295499,0.443954355,0.831789229,0.239793208,0.657410124,0.649479757,0.874209,0.3724621,0.796348,0.515413,0.9002783,0.342055,0.8473211,0.5437179,0.8482483,0.3597327,0.7952194,0.5106279,0.8816639,0.3546443,0.821123,0.5336545,0.9383776,0.3527051,0.8004782,0.5244028,0.8938758,0.3722165,0.8270497,0.5296349,0.8861099,0.3664358,0.8130174,0.4976674,0.8860331,0.3485718,0.7758644,0.5223636,0.8547525,0.370581,0.8234972,0.5069757,0.8832861,0.3535144,0.8150561,0.5421245,0.8741424,0.3638623,0.8357197,0.5064133,0.8957159,0.3507416,0.8103228,0.5416571,0.8598851,0.3759303,0.8020671,0.4963405,0.8854904,0.3488725,0.8492046,0.5338871,0.8894586,0.3681079,0.8001109,0.5071709,0.8713169,0.364145,0.818216,0.5491395,0.9141191,0.3654702,0.8176536,0.5196843,0.9175286,0.3525828,0.7843465,0.5320614,0.8415557,0.373461,0.8270779,0.5189893,0.9366735,0.3602538,0.8273942,0.5151933,0.8939656,0.3617095,0.8423475,0.508071,0.8834036,0.3545978,0.8110846,0.5478331,0.8823157,0.3469854,0.8219092,0.490379,0.924447,0.3541234,0.8249482,0.5513575,0.8920737,0.3744403,0.848968,0.4913974
0.455489548,0.805972052,0.508716515,0.804008176,0.366407789,0.787971989,0.505119152,0.802744915,0.544721143,0.818746635,0.433378946,0.824340897,0.515931761,0.803828591,0.412294311,0.79027548,0.522655555,0.808039209,0.45156702,0.824072254,0.502249357,0.812832475,0.367979855,0.76364297,0.522405177,0.804068048,0.49254665,0.833125196,0.466628671,0.802572778,0.476136998,0.788622177,0.41465541,0.814646098,0.507091198,0.812708574,0.373816451,0.798945649,0.513328076,0.806221809,0.506520336,0.820616681,0.418513574,0.802225053,0.497006652,0.815781548,0.376392862,0.829565968,0.498822337,0.808608865,0.513092341,0.778004218,0.425085951,0.771054123,0.499201456,0.858768048,0.380085292,0.791172833,0.512895206,0.801358251,0.492529409,0.792547519,0.43399102,0.82722176,0.519215385,0.85057005,0.380526968,0.764087519,0.51599132,0.792089376,0.51463867,0.82075322,0.413667971,0.79257456,0.487990944,0.820240485,0.410459994,0.835032094,0.497567585,0.782732758,0.425634383,0.800386723,0.474680902,0.846221538,0.399959148,0.803634898,0.514851816,0.829315128,0.473929271,0.796434951,0.459822004,0.829424244,0.439426755,0.824460599,0.504988393,0.787074739,0.388098345,0.803916055,0.510245216,0.827405232,0.915016,0.3096605,0.7916085,0.6026205,0.8828418,0.4521163,0.8725768,0.3342711,0.8003526,0.5551219,0.9352514,0.3310355,0.8137365,0.5619547,0.8923672,0.3536756,0.8476848,0.5099934,0.9151461,0.3301752,0.7880044,0.5937664,0.8773284,0.405964,0.852596,0.3807872,0.8479528,0.4231335,0.8554913,0.3650718,0.8538866,0.5015693,0.8959116,0.3221032,0.7721512,0.6121441,0.8537386,0.4252478,0.9017819,0.3584572,0.8135208,0.5000767,0.909387,0.324851,0.8049387,0.6320226,0.8365484,0.4349956,0.9160843,0.3487576,0.8434086,0.4915442,0.9277833,0.3269257,0.8029221,0.6298274,0.8518143,0.4261159,0.8976193,0.3669961,0.814826,0.4970224,0.8685501,0.3089299,0.7790831,0.6176712,0.8652079,0.4551937,0.9070497,0.3424267,0.8324277,0.5505078,0.8936385,0.349174,0.8054925,0.5504265,0.8534882,0.3409007,0.8479575,0.5457,0.8938311,0.3234826,0.7983214,0.5986863,0.8857633,0.3954273,0.8603183,0.4193433,0.8945168,0.3646585,0.8589061,0.4527666,0.888648,0.3283181,0.7886905,0.5932247,0.8938344,0.4287006,0.8683401,0.3939252
0.537473154,0.983000564,0.096443741,0.338819214,0.858805017,0.210668245,0.670913232,0.74569566,0.576832732,0.867516475,0.277323591,0.799701106,0.490746168,0.962502786,0.16260406,0.514317441,0.995873529,0.153798904,0.506877705,0.860090261,0.208094437,0.595469263,0.84372874,0.268007173,0.789135942,0.458847189,0.989750267,0.135682922,0.466196508,0.84126049,0.393926128,0.825217772,0.350171755,0.841361379,0.564543958,0.855028027,0.13518848,0.467952683,0.901170807,0.148745461,0.463682379,0.83698571,0.2440125,0.680679025,0.788401475,0.364431908,0.837822706,0.241415051,0.71581619,0.562750846,0.929418795,0.034578898,0.126971103,0.438302949,0.871884026,0.162584424,0.531202667,0.891268076,0.246160312,0.672600652,0.752556831,0.473384919,0.952293286,0.156468794,0.453213589,0.937629969,0.151613723,0.478039434,0.852528921,0.370864604,0.872758071,0.376897819,0.831496983,0.529746333,0.894155132,0.039242242,0.153052914,0.479981751,0.897066449,0.033832623,0.122337792,0.408610775,0.964768722,0.022354499,0.089005901,0.298285133,0.78507899,0.513072463,0.8313356,0.253326012,0.684336747,0.793335979,0.403237061,0.913696406,0.008461673,0.032736828,0.12313849,0.393908959,0.964335988,0.045598322,0.2394669,0.6766452,0.8271901,0.5623399,0.9575731,0.2622098,0.7154203,0.7617561,0.687194,0.849259,0.5363664,0.9355821,0.1960794,0.5925504,0.9242559,0.2705032,0.7398191,0.696575,0.7803451,0.7171877,0.8079039,0.6312229,0.8756734,0.392436,0.9148797,0.2946148,0.7862078,0.628826,0.9198164,0.3269388,0.8924409,0.5330095,0.9812446,0.1846497,0.5603939,0.9541784,0.256621,0.719391,0.7377259,0.7117606,0.8185257,0.588066,0.9247011,0.2937805,0.7919504,0.6670003,0.8551689,0.4699242,0.9226619,0.1832423,0.56951,0.9142223,0.2616659,0.7640698,0.7474552,0.7313796,0.7673221,0.6674203,0.856608,0.5350845,0.996692,0.1866758,0.6101838,0.8794416,0.298511,0.7794605,0.6198226,0.9075928,0.342588,0.8934027,0.4630183,0.9363201,0.1908896,0.5916696,0.9192037,0.3065693,0.7589355,0.6126292,0.8757252,0.3589955,0.880583,0.4080665,0.9386665,0.2620965,0.7527692,0.7767596,0.7043131,0.8021911,0.6136177,0.9183666,0.3277596,0.8787594,0.5237237,0.9413426,0.1793259,0.5735281,0.96746,0.2224461,0.6550626,0.8545563
0.867597154,0.456908988,0.811505527,0.521665768,0.784378781,0.477754851,0.795104118,0.518367742,0.776637262,0.468911465,0.790221511,0.545695938,0.78984111,0.456574277,0.811375959,0.498914846,0.808563063,0.449676072,0.82660992,0.505289936,0.812236487,0.463414544,0.781199538,0.533641052,0.783788215,0.435069895,0.776066262,0.49383098,0.797874603,0.462084603,0.761120467,0.510980187,0.804644533,0.447064775,0.761935933,0.531962678,0.760907863,0.450221351,0.789763031,0.518090496,0.786241634,0.467890429,0.82271585,0.509991064,0.788497918,0.476843847,0.80068451,0.518448648,0.794295188,0.442854033,0.825634425,0.518405743,0.80966895,0.464856475,0.805860799,0.528505423,0.756522492,0.458789691,0.803659753,0.529577168,0.801288825,0.457165951,0.84277678,0.538197007,0.811833684,0.467479521,0.790983473,0.513578723,0.813177205,0.458947584,0.805942595,0.528237396,0.794956863,0.44800616,0.77472899,0.500365917,0.769024281,0.494431894,0.793462752,0.517627098,0.766535623,0.452146699,0.794707936,0.525744309,0.799822838,0.451506069,0.776020287,0.521923981,0.785530926,0.456034153,0.774988199,0.500790429,0.781041736,0.471553437,0.811974791,0.52383803,0.758592255,0.447156421,0.788968585,0.508245751,0.5746519,0.8462858,0.3834238,0.8264826,0.4517031,0.9114953,0.3523891,0.8057906,0.5345315,0.8604993,0.3709449,0.8043064,0.521635,0.8866489,0.362531,0.808285,0.5625231,0.8862391,0.3653252,0.8244179,0.5171519,0.877673,0.3535124,0.8109136,0.5655315,0.8936883,0.3881545,0.8614996,0.4674438,0.8799561,0.337524,0.8075203,0.5441833,0.874744,0.3522529,0.8227197,0.5557034,0.9059624,0.3393274,0.8124254,0.5770294,0.8538972,0.3821582,0.8195187,0.492268,0.8860395,0.3321652,0.8090609,0.5601195,0.8566898,0.3826021,0.8595757,0.4736103,0.8623242,0.362805,0.8417332,0.540681,0.9021882,0.3719666,0.8198145,0.5185129,0.9010539,0.3254955,0.7986188,0.5751134,0.84882,0.3453579,0.8538539,0.4834615,0.8523769,0.3365259,0.8077159,0.5698711,0.8629648,0.380844,0.8701014,0.4560009,0.8760846,0.3724969,0.854747,0.5298326,0.9008332,0.3633476,0.8113483,0.5233534,0.8639313,0.3513275,0.8072633,0.5748459,0.8600174,0.3664661,0.7999939,0.5158339,0.846019,0.3374077,0.7961873,0.5407955,0.866677,0.3710355,0.8634766
0.714324747,0.568766283,0.734978121,0.577612433,0.730763673,0.655929916,0.714045322,0.520798047,0.859294752,0.131830739,0.427804749,0.861747098,0.226342595,0.644104863,0.681085507,0.827889258,0.382626084,0.789485719,0.483162731,0.779059363,0.541056549,0.808391947,0.308033821,0.769703274,0.419478958,0.911572597,0.078100124,0.254568515,0.692437253,0.577817463,0.909534977,0.171640731,0.490170817,0.859914158,0.103163879,0.339588134,0.823191638,0.342064914,0.85867561,0.274206701,0.769795443,0.5088888,0.852347479,0.455249924,0.786555169,0.536473156,0.823977623,0.287062861,0.699468632,0.481650804,0.907773848,0.024302253,0.087794501,0.295238641,0.730084805,0.734168326,0.55926911,0.772731059,0.494030297,0.838715755,0.565425798,0.79653342,0.337383734,0.794402667,0.342896106,0.849017681,0.278142872,0.671633421,0.692447817,0.611383718,0.873523676,0.160960149,0.485087453,0.872711394,0.101147725,0.348549883,0.780275285,0.409002071,0.907313311,0.185864022,0.556363764,0.840695925,0.304074057,0.77686137,0.419400011,0.939157417,0.098015366,0.310422417,0.784563954,0.413810765,0.880874825,0.123911957,0.370840628,0.811188926,0.223393914,0.639435398,0.675627679,0.599160586,0.848742902,0.2398492,0.6810768,0.8333208,0.4794847,0.9773635,0.2189685,0.6213962,0.8433868,0.4737934,0.9484595,0.2395088,0.6638727,0.8307878,0.5082876,0.95472,0.2216857,0.6658339,0.8475942,0.4696081,0.9750094,0.217948,0.6588928,0.8284663,0.5045495,0.9028633,0.2318745,0.6493251,0.8399211,0.4886429,0.9217774,0.2363709,0.6602131,0.8886786,0.501489,0.9018018,0.2224493,0.6443155,0.8506321,0.4949076,0.9334182,0.2298969,0.6419453,0.82314,0.5079938,0.9890238,0.2252602,0.6266809,0.8234022,0.4872959,0.9673404,0.2320013,0.6821099,0.8375731,0.484135,0.9588184,0.227508,0.649329,0.8518299,0.510689,0.9656069,0.2292523,0.6456709,0.8455886,0.5237834,0.9191895,0.223986,0.6193869,0.7896734,0.4964465,0.9216186,0.2277103,0.6447566,0.8318333,0.5113393,0.9660547,0.2346608,0.6743515,0.8451915,0.4805054,0.9322268,0.2316212,0.6388324,0.8233965,0.5025604,0.9360419,0.2291131,0.6483756,0.833541,0.4728972,0.880358,0.2125661,0.670425,0.8485905,0.4668826,0.9107449,0.2237877,0.6482744,0.8388652,0.4657253,0.9185353,0.2312765
0.442742459,0.815784831,0.459314347,0.851596227,0.345171484,0.756197835,0.591472953,0.781965017,0.563792874,0.817130609,0.512478379,0.854497529,0.41798537,0.815246812,0.480462021,0.869729535,0.354268692,0.785306709,0.566896598,0.803763124,0.467219146,0.825336235,0.4389356,0.825990031,0.332451569,0.738010819,0.599659037,0.753787212,0.536837756,0.80759286,0.500557526,0.810196265,0.399734041,0.843879537,0.490985344,0.840180408,0.361921125,0.792969442,0.567548667,0.819277606,0.474182197,0.817919601,0.464040029,0.853958676,0.340122744,0.757624112,0.578822527,0.782109188,0.563317868,0.824562585,0.519290629,0.807427799,0.402413212,0.825486862,0.484329551,0.83544502,0.344353062,0.782498379,0.51836029,0.811761468,0.435922486,0.818211872,0.431735431,0.856036889,0.35567168,0.789813545,0.575417001,0.79880749,0.523636278,0.806425633,0.475838902,0.838576238,0.358478915,0.789150635,0.546330537,0.777312732,0.460675166,0.839769246,0.438069293,0.821330695,0.344024246,0.807028477,0.57431515,0.805121124,0.525682911,0.80720812,0.514065351,0.868390996,0.349002597,0.800327958,0.545613326,0.816033912,0.478869794,0.795953321,0.465005877,0.85082333,0.350145365,0.765510866,0.56900684,0.808762924,0.9668909,0.3318422,0.8056293,0.5666146,0.8889738,0.3863618,0.8714434,0.4408915,0.8837027,0.3565601,0.8065321,0.5338003,0.876077,0.3660496,0.8222281,0.5456652,0.8912401,0.3615065,0.8116913,0.4963796,0.9116395,0.3308543,0.7618559,0.5821719,0.87165,0.3767406,0.8278957,0.43392,0.8296915,0.35285,0.8095687,0.5536026,0.8804701,0.3562613,0.8051273,0.5389466,0.8860323,0.3417729,0.8381637,0.5091344,0.8931502,0.3247417,0.7956511,0.586481,0.8969253,0.3896756,0.8292626,0.4695597,0.9058059,0.3487507,0.8337739,0.5158112,0.8977269,0.354745,0.8070529,0.5429046,0.8747077,0.3670343,0.8509749,0.5121679,0.8989103,0.3489859,0.7871899,0.578839,0.8577621,0.3884538,0.8496133,0.4768663,0.8863554,0.3351865,0.8265079,0.5798151,0.8933977,0.3862074,0.8386328,0.4752309,0.882031,0.3304169,0.7988259,0.5930006,0.8949849,0.3609978,0.8114704,0.4825812,0.9115511,0.3318018,0.7974505,0.5914875,0.9417896,0.374916,0.8352034,0.4741882,0.9396867,0.3448857,0.7636409,0.5286431,0.8750258,0.3779865,0.810732,0.4851603
0.258463883,0.620730761,0.635924229,0.764229484,0.402841895,0.774263459,0.338420657,0.772241828,0.422067667,0.802810342,0.306278666,0.695555824,0.506785374,0.806228073,0.278887442,0.707030941,0.535545753,0.807352139,0.366778689,0.789390212,0.358406332,0.787770458,0.393813297,0.755064047,0.380735199,0.830064263,0.346988183,0.754184149,0.410410788,0.798912545,0.288385761,0.666414499,0.598451721,0.753858899,0.344040003,0.783621392,0.377501367,0.778188329,0.38438381,0.76886579,0.331858962,0.706452577,0.454590618,0.835051121,0.240484988,0.578623358,0.664716414,0.689631958,0.542702416,0.810419179,0.270812938,0.631428774,0.600189595,0.805880105,0.332727962,0.762307519,0.428183256,0.816624526,0.259336843,0.667787274,0.649164437,0.721403854,0.474790431,0.839279168,0.24829602,0.619667575,0.657523785,0.738645923,0.464229589,0.815321616,0.305496276,0.707633536,0.484619744,0.750686952,0.338872342,0.750217769,0.468700332,0.797662431,0.292713978,0.680454609,0.533685111,0.789432536,0.382595867,0.785807152,0.349565275,0.750250856,0.401673428,0.743753575,0.352829014,0.747343042,0.376350052,0.756132134,0.370551429,0.790059636,0.364304693,0.76423252,0.402028185,0.787669702,0.312240441,0.728467255,0.5288659,0.9206218,0.322286,0.7963931,0.5843244,0.8365563,0.3822661,0.8465565,0.4402846,0.8953261,0.3641787,0.8032665,0.4846589,0.8832632,0.3153082,0.7800251,0.6300478,0.8193872,0.452537,0.8522546,0.3386826,0.8211272,0.558509,0.8948552,0.3502936,0.8416642,0.4887678,0.9576711,0.3199827,0.7604153,0.6133029,0.8590848,0.4651522,0.8984162,0.3474175,0.8030907,0.5771955,0.8827737,0.3697264,0.8722212,0.4832803,0.9193548,0.3293583,0.797717,0.6436089,0.8670502,0.4546525,0.894185,0.3266419,0.8022347,0.5605404,0.9144684,0.3588999,0.8412715,0.4962758,0.9272131,0.3172506,0.7996883,0.6114839,0.8289204,0.4592931,0.8837524,0.3417789,0.8064733,0.5499641,0.8992536,0.3480171,0.8492576,0.5637561,0.8940961,0.3408839,0.8049031,0.5615321,0.8835404,0.3457884,0.807172,0.5297169,0.8974153,0.3124018,0.8102508,0.6083478,0.8396685,0.4438178,0.9067702,0.3416867,0.7494845,0.5589113,0.8832961,0.3422685,0.8013299,0.5723954,0.8994518,0.3433596,0.8226989,0.5189966,0.8805573,0.3294256,0.8114616,0.5890831,0.8692452
0.269483244,0.698639512,0.556769973,0.776311129,0.355952133,0.761790181,0.377023137,0.810921476,0.336451332,0.751829239,0.424243917,0.794620532,0.302238619,0.701011565,0.531286041,0.799182511,0.313250569,0.722738877,0.472447508,0.844465738,0.268622111,0.693036846,0.583737004,0.773261954,0.384838156,0.805359288,0.359168436,0.789167582,0.384498044,0.782192613,0.358989235,0.743341262,0.407091976,0.795433942,0.313737564,0.727328522,0.480204744,0.812614813,0.26186706,0.672981931,0.61445853,0.774604697,0.378260895,0.788871615,0.373429263,0.78113035,0.39666714,0.773353409,0.336462488,0.727732904,0.435850094,0.816026756,0.293235501,0.707531868,0.550544255,0.747191732,0.313273321,0.730738802,0.482662134,0.833275115,0.290504544,0.700035284,0.552686971,0.833998712,0.349201768,0.747928273,0.434068031,0.81882635,0.292980098,0.711876791,0.569263631,0.764439776,0.335253619,0.742583096,0.458973593,0.807933981,0.288033038,0.692606083,0.560085555,0.791645664,0.350945659,0.741417679,0.427757875,0.760563985,0.303234577,0.71982007,0.544607144,0.799984551,0.296364815,0.711475778,0.538915743,0.802601525,0.296942462,0.704762841,0.54903334,0.774032786,0.301000466,0.721503477,0.500626493,0.809648188,0.4455615,0.8321795,0.4334843,0.8654375,0.4607326,0.838908,0.4245521,0.824107,0.4331187,0.8438578,0.4633019,0.8346051,0.4531521,0.8274661,0.4311702,0.8728918,0.4498658,0.8448079,0.4268665,0.853117,0.4451901,0.8354902,0.4506293,0.8281318,0.4347058,0.8446106,0.4756398,0.8605592,0.4342678,0.8308153,0.4367919,0.8592396,0.4291967,0.8480084,0.4585695,0.8429519,0.4285328,0.8539848,0.4529239,0.813967,0.431216,0.873678,0.4306726,0.8242192,0.4524085,0.8427205,0.4371517,0.9089001,0.4592171,0.852549,0.4316746,0.87179,0.4328109,0.8495155,0.4318555,0.8436366,0.4427073,0.8690364,0.4556156,0.8334003,0.437578,0.8873958,0.4514429,0.8709349,0.4658176,0.8714479,0.4561746,0.8713911,0.4322468,0.84649,0.4328727,0.8771027,0.4448018,0.8293221,0.4575709,0.8372051,0.4439182,0.8322787,0.4423547,0.8136047,0.4121325,0.8919793,0.4362524,0.8699313,0.455436,0.8789241,0.4697223,0.8702067,0.4412664,0.8305267,0.4506029,0.830246,0.4386984,0.8314749,0.4556435,0.8279396,0.4441433,0.8407289,0.4451266,0.8266974
0.748050119,0.574726534,0.744822602,0.576936365,0.729187313,0.608481276,0.695368477,0.647906269,0.612097499,0.808586079,0.33688141,0.756045094,0.416385514,0.847293822,0.203256651,0.589085181,0.741136436,0.656946921,0.667934464,0.713526406,0.531112689,0.853669288,0.159725957,0.475162783,0.772035899,0.5269544,0.799031835,0.548229262,0.79195172,0.546478896,0.772924913,0.517576515,0.78561393,0.594496611,0.749329385,0.583518631,0.729090903,0.623242551,0.724933452,0.647243753,0.605055877,0.819340648,0.391086586,0.786111745,0.315770095,0.784762679,0.447900982,0.854450519,0.202637216,0.59314025,0.75643428,0.562130665,0.765004088,0.624741494,0.698378249,0.670821311,0.602224712,0.795901955,0.322777777,0.79929268,0.465295291,0.883184521,0.139989587,0.411617542,0.77188415,0.562877531,0.780413779,0.495351175,0.778462714,0.536000936,0.773676347,0.535975245,0.745609879,0.575683711,0.742035045,0.580941762,0.723128545,0.617764899,0.680910569,0.718106039,0.535249553,0.898105886,0.163184975,0.473732769,0.753477672,0.51502319,0.788579963,0.497475364,0.750849196,0.569393565,0.780108673,0.533755259,0.789987902,0.591875974,0.750922818,0.578285112,0.680863097,0.698048484,0.574643089,0.814907683,0.3344759,0.8236496,0.542323,0.8957132,0.3815305,0.8178177,0.4816093,0.9150934,0.3568033,0.8126766,0.5676271,0.8821019,0.3779649,0.8961358,0.486214,0.8758572,0.3407526,0.8234265,0.5400327,0.8882812,0.3777439,0.8016925,0.4989412,0.8684767,0.3548085,0.8311274,0.550835,0.8687103,0.3918179,0.8141217,0.4780684,0.8461272,0.3379081,0.8185315,0.5418121,0.8784196,0.3607112,0.8213039,0.4783185,0.8928697,0.3569276,0.7820943,0.5783809,0.8746143,0.3806957,0.8067374,0.4957607,0.8807699,0.3633245,0.8267286,0.5537465,0.8792515,0.3750313,0.7733231,0.4725756,0.8854669,0.3464194,0.7800085,0.5510698,0.9029458,0.3779266,0.8143105,0.5047752,0.9066787,0.345379,0.7844504,0.5589903,0.8328589,0.3734071,0.8284599,0.492125,0.889942,0.3605534,0.8054522,0.5437256,0.9001168,0.3658543,0.8520759,0.4830736,0.9084747,0.3503675,0.7713353,0.5568149,0.8781667,0.384483,0.8227783,0.4727017,0.9180633,0.3557387,0.8118317,0.5688364,0.8925868,0.4057132,0.842907,0.4753882,0.8833744,0.3608777,0.811692,0.541951,0.902783
0.801137055,0.432238737,0.826178949,0.250842206,0.643043168,0.608801862,0.765293527,0.405762725,0.803380154,0.287901575,0.704664156,0.528206379,0.804884561,0.257138108,0.687764596,0.577570838,0.811020956,0.332314222,0.762385866,0.402291719,0.886459196,0.246392976,0.634960105,0.641791422,0.75979455,0.49413598,0.824049727,0.211680597,0.607655517,0.734597454,0.643044975,0.685556096,0.749717846,0.544617303,0.836839223,0.23010575,0.616534986,0.654022084,0.690058013,0.546433918,0.824543645,0.260587535,0.677157201,0.589129153,0.798942294,0.338619674,0.778960729,0.419792945,0.826368063,0.253571025,0.632016308,0.621048146,0.760264996,0.439154254,0.826178712,0.233217413,0.605145214,0.699993032,0.667578637,0.584250944,0.792044481,0.359524601,0.807052266,0.353225378,0.801824008,0.332087666,0.76376886,0.405868224,0.807805156,0.295386479,0.746500551,0.487344394,0.841663811,0.20967487,0.603286356,0.686476161,0.606781582,0.666002664,0.701822478,0.507480674,0.845334599,0.239399342,0.604750955,0.704931165,0.658844999,0.624401892,0.7434071,0.411032605,0.830042515,0.261277717,0.661868546,0.605620613,0.743225712,0.369921626,0.818411753,0.300780043,0.7304554,0.492089694,0.822250958,0.214906869,0.8550308,0.4567479,0.8478519,0.460105,0.8408949,0.4424187,0.8174471,0.4471499,0.8122918,0.4524185,0.8474834,0.4607884,0.8662744,0.4705813,0.8330602,0.4524808,0.8120277,0.4520477,0.8590218,0.4480917,0.8111572,0.4546979,0.8612076,0.4471455,0.8646429,0.4688577,0.8615232,0.4483717,0.8508488,0.4360515,0.8273774,0.434245,0.8403341,0.4512063,0.8627569,0.454921,0.8016208,0.4637318,0.8575232,0.4515618,0.8167573,0.4497518,0.8371254,0.4488572,0.8583961,0.4375072,0.8469959,0.4442205,0.8151523,0.4423158,0.842114,0.4427041,0.8198661,0.4529959,0.8308258,0.4486785,0.8704283,0.449486,0.8806239,0.4483984,0.8095802,0.455124,0.8713741,0.442383,0.8160959,0.4363984,0.8300677,0.4399396,0.8293553,0.4525208,0.8778668,0.4381225,0.8611684,0.4607557,0.8697533,0.4451317,0.8572673,0.4349352,0.8063875,0.4533514,0.8483464,0.445957,0.8342861,0.4415074,0.8382818,0.432866,0.8015332,0.4501978,0.8524746,0.4635573,0.9111455,0.4611021,0.8544665,0.4463093,0.8306519,0.4545846,0.8697168,0.4467371,0.8332304,0.4220961
0.297461014,0.689366186,0.496788276,0.81449873,0.283652282,0.707830269,0.537899924,0.803779052,0.340092068,0.780966712,0.426489741,0.815724578,0.284552151,0.674619602,0.54146369,0.83907744,0.316412098,0.752501755,0.467606217,0.815425196,0.280326373,0.677159008,0.570110045,0.761323156,0.356698145,0.801682763,0.400943792,0.801826651,0.310869824,0.725545192,0.471793237,0.812950467,0.292834061,0.673289101,0.585649252,0.793357207,0.340300694,0.763899507,0.397475113,0.789975982,0.305148855,0.719582747,0.506720335,0.804145078,0.284564902,0.720120633,0.565580908,0.770289636,0.351609501,0.767904345,0.407809567,0.783549987,0.326855698,0.724905092,0.448971454,0.826454999,0.279378511,0.671588577,0.534095256,0.739450948,0.332791578,0.786330137,0.439741645,0.775684383,0.304556792,0.725511371,0.518561116,0.806202009,0.291615301,0.724565265,0.521226719,0.816329964,0.30651621,0.719321015,0.493537899,0.796580456,0.280068532,0.703312744,0.547593646,0.801027234,0.322952212,0.74359123,0.449968882,0.795495225,0.308992138,0.697667255,0.526993341,0.80085984,0.306945426,0.730179333,0.503161277,0.797061547,0.282335327,0.686059719,0.581022197,0.796130601,0.351864963,0.737472795,0.434714773,0.779742881,0.3925826,0.8429613,0.4907322,0.8523029,0.4159766,0.8224006,0.4750222,0.8837161,0.4131069,0.8267407,0.4762396,0.8428558,0.4110835,0.888349,0.46554,0.847968,0.4098018,0.8174702,0.4925044,0.8734938,0.425127,0.9013598,0.4675009,0.8623818,0.4117137,0.830886,0.46083,0.9081645,0.4094236,0.8587859,0.4759153,0.8786866,0.4060672,0.8302426,0.4718607,0.9179623,0.4190326,0.850014,0.4754166,0.8465412,0.3869256,0.8636429,0.4661665,0.8720633,0.4209066,0.8626369,0.4627505,0.8715355,0.3952323,0.8332714,0.4648954,0.8702285,0.3968379,0.8803156,0.4777098,0.8629948,0.4037675,0.840076,0.5004488,0.8551978,0.4308869,0.8478873,0.4786667,0.877678,0.4224387,0.8501935,0.4870843,0.8662593,0.4019174,0.8483509,0.4703259,0.8915433,0.3920104,0.852979,0.4833718,0.8377106,0.4054934,0.8068448,0.4683928,0.8731481,0.4196577,0.850229,0.4639558,0.8374856,0.4108573,0.8121124,0.4812568,0.8570002,0.4249618,0.8416327,0.4518867,0.8630497,0.4276575,0.8600298,0.4854625,0.8501826,0.4109287,0.8734406,0.4682987,0.8553366
0.309963807,0.70966385,0.517508046,0.849460361,0.281992247,0.71855682,0.548570016,0.834710671,0.309207607,0.761847663,0.496227081,0.817646051,0.261970487,0.627362702,0.618500368,0.739732292,0.421661902,0.845944822,0.289558715,0.705045014,0.579836262,0.811107489,0.334053928,0.731611411,0.445457232,0.824699792,0.267835496,0.666906052,0.60284755,0.792608061,0.374587543,0.754424391,0.326667385,0.754788508,0.446009135,0.806909501,0.263403548,0.684094341,0.61016816,0.777469383,0.397270278,0.822076139,0.311447203,0.753114575,0.472270937,0.817614195,0.261950102,0.673086555,0.61277947,0.766977863,0.41104524,0.804833502,0.292611688,0.695003623,0.547176176,0.781203023,0.306621627,0.689905216,0.515416294,0.827203175,0.264589562,0.657081874,0.632950631,0.748464724,0.396664673,0.812888904,0.322101426,0.741579707,0.4888882,0.782043235,0.24332849,0.661372366,0.632535907,0.707324464,0.444423003,0.806113345,0.278464888,0.658450427,0.57774299,0.778786608,0.370055339,0.807499439,0.3731048,0.801884698,0.343429478,0.750337874,0.406203081,0.831817388,0.304891552,0.737323749,0.466011622,0.837217881,0.26076178,0.67087006,0.597060688,0.780003891,0.421373154,0.805151847,0.286966006,0.707665953,0.4458375,0.8386759,0.4729177,0.8603302,0.4512299,0.8341123,0.4342499,0.8776406,0.4468058,0.8442987,0.4484555,0.8527799,0.4478167,0.8369042,0.4645889,0.8294895,0.4652297,0.8467615,0.462279,0.8627542,0.4635767,0.8456266,0.4659003,0.8371989,0.4546794,0.8247636,0.458674,0.8364695,0.4675726,0.8921413,0.4607867,0.8187694,0.4642697,0.8392439,0.4431286,0.878586,0.4493793,0.8876549,0.4596456,0.8443989,0.441851,0.8522101,0.4483196,0.8626217,0.4485209,0.8282738,0.4445889,0.8286635,0.4506748,0.8387796,0.4618518,0.824825,0.447144,0.8173157,0.4753229,0.8835508,0.455746,0.8146854,0.4448496,0.8362032,0.452014,0.8531138,0.4697648,0.8704584,0.4595464,0.83208,0.448572,0.8842855,0.4617827,0.8718251,0.4541846,0.8023726,0.4562423,0.827802,0.44218,0.8790098,0.4562014,0.8695575,0.446538,0.8499787,0.4544039,0.8121419,0.459294,0.8482598,0.4396418,0.8360526,0.4617431,0.8527889,0.4595281,0.8327657,0.4627192,0.8433219,0.4570509,0.8301297,0.4714104,0.837911,0.4756785,0.8646363,0.459319,0.8337919
0.662494671,0.665036853,0.699834586,0.531634169,0.833807254,0.252714767,0.616649036,0.692518301,0.534629488,0.772467616,0.35419925,0.746965284,0.392643156,0.716802388,0.436401899,0.800602194,0.329001393,0.773601297,0.44321659,0.764367285,0.38952446,0.757229804,0.34347967,0.759806672,0.415214351,0.779362703,0.485027239,0.724605471,0.541410863,0.714482549,0.703386603,0.588899531,0.693487591,0.564408521,0.701858642,0.630111309,0.569440452,0.799583994,0.340125161,0.702843156,0.567848993,0.722901982,0.554320518,0.684625248,0.653391623,0.578082437,0.805675597,0.341667613,0.785569573,0.383790089,0.770740059,0.325589217,0.764969558,0.430186165,0.749214696,0.443804239,0.777366024,0.441628595,0.773200612,0.423396564,0.766143779,0.416840714,0.782159741,0.369218999,0.742537014,0.35107888,0.759031766,0.389851103,0.764124471,0.312504853,0.744296918,0.469646337,0.804298932,0.37069454,0.802730611,0.384640873,0.802288843,0.379971368,0.746176358,0.519050597,0.775156585,0.403551799,0.792544028,0.351021511,0.782056931,0.390190131,0.719666682,0.495095126,0.729252401,0.530924235,0.732696372,0.643305382,0.667068248,0.672682416,0.478978286,0.855245887,0.242374411,0.604199982,0.663926676,0.680374172,0.8170418,0.5247152,0.8904011,0.2618908,0.6984306,0.798997,0.6656944,0.8204505,0.5270607,0.8948114,0.2961506,0.7568649,0.6769302,0.8061116,0.5517244,0.9299021,0.3080732,0.7760771,0.6254951,0.8637997,0.4717231,0.9453863,0.2504275,0.7160141,0.7601753,0.6527275,0.8369734,0.5038557,0.928156,0.2473558,0.707978,0.768213,0.6450346,0.8236009,0.4859109,0.8983638,0.2732651,0.717856,0.7573838,0.6883488,0.810145,0.6351096,0.8782877,0.3821313,0.8603239,0.4004747,0.869874,0.364008,0.8585596,0.4426569,0.9352594,0.262406,0.7030931,0.7126885,0.7581586,0.7131353,0.7295763,0.7038873,0.7458446,0.7031192,0.7901248,0.6094738,0.8527358,0.3779392,0.8675748,0.3563545,0.922556,0.4345228,0.93579,0.3004006,0.7840673,0.6351096,0.8553265,0.4591303,0.929942,0.2778235,0.7593256,0.7067154,0.7914591,0.6624328,0.7993279,0.5186237,0.9214945,0.2548151,0.7462843,0.7332375,0.6659146,0.8138642,0.5864085,0.8840381,0.3840553,0.9019338,0.4324881,0.864715,0.3085691,0.7767878,0.6163468,0.89915,0.3509794,0.8521914
0.805652148,0.402029541,0.794270061,0.511434935,0.842884432,0.46560567,0.800916162,0.481426051,0.81600564,0.412743133,0.786463923,0.496419896,0.780718344,0.448060621,0.830517952,0.481758708,0.784450262,0.414030795,0.781921504,0.509686684,0.806494052,0.448049468,0.826521879,0.491709529,0.85757602,0.415757857,0.801480313,0.522621883,0.80714433,0.434343122,0.852856213,0.492657068,0.798229643,0.418235839,0.791255061,0.493359751,0.787181271,0.453963172,0.824409357,0.476736136,0.814837569,0.399754078,0.806249186,0.504526126,0.827023242,0.456793601,0.791457822,0.481655634,0.825537295,0.413677732,0.785782787,0.493917597,0.827298079,0.45126351,0.814128258,0.500373075,0.846330505,0.400487298,0.781055485,0.504238446,0.798741511,0.450782806,0.812451899,0.494891921,0.818971975,0.397671477,0.773278897,0.514035186,0.860021767,0.452120085,0.761090952,0.523288418,0.833322619,0.428120296,0.783195589,0.493575861,0.807546821,0.435882849,0.82738751,0.500145555,0.845110614,0.404790239,0.792527072,0.520241831,0.795376486,0.444457933,0.829942618,0.4918232,0.846844269,0.421759516,0.822622425,0.51289847,0.790139663,0.452484535,0.797400646,0.513799263,0.838612894,0.409263452,0.793389471,0.505386684,0.5184056,0.8958021,0.3696029,0.8331893,0.5147283,0.8589095,0.3501467,0.8232909,0.551472,0.8579231,0.3631975,0.8510071,0.4940326,0.9075539,0.3487842,0.8245212,0.5587129,0.8942408,0.3710664,0.8468583,0.4755762,0.8799968,0.3540339,0.8201513,0.5601984,0.8425673,0.3721343,0.8267397,0.4827463,0.87712,0.3472118,0.8020114,0.5438173,0.8798775,0.3652982,0.8322624,0.4966905,0.9046921,0.3539153,0.8141966,0.5414384,0.8683243,0.3605177,0.8446308,0.51243,0.9134669,0.3450442,0.8136218,0.5589048,0.8598686,0.3852606,0.8495741,0.5047122,0.8427345,0.348775,0.8464049,0.5406393,0.8544391,0.3734365,0.8840624,0.4734456,0.8830025,0.3475709,0.8076046,0.5533725,0.8820134,0.3686464,0.8220883,0.5033001,0.8767203,0.3661314,0.8174599,0.5491803,0.8888485,0.3790107,0.8720453,0.5178772,0.918518,0.3451742,0.8386375,0.5291654,0.8766438,0.350535,0.8501095,0.4709479,0.8456674,0.3445809,0.81136,0.5643893,0.8681184,0.3855194,0.7909456,0.5004426,0.9114667,0.3510271,0.8102445,0.5428556,0.8699165,0.3838303,0.8181772
0.458864451,0.932902261,0.036848365,0.132726212,0.426512099,0.809156724,0.554785935,0.817669709,0.335268416,0.760198516,0.390770089,0.882436907,0.186399809,0.536002759,0.753347489,0.548381879,0.809173599,0.492621759,0.784757657,0.500109577,0.809840502,0.420705784,0.787574495,0.54936325,0.854252163,0.343751292,0.803468725,0.407852266,0.833694954,0.195198108,0.610015567,0.800025214,0.460925831,0.885455538,0.198196991,0.570729565,0.707971431,0.716727157,0.62377895,0.7866212,0.512471066,0.842993497,0.245466166,0.671276665,0.610999798,0.846395108,0.256251482,0.667156762,0.686506777,0.603511455,0.876654077,0.177829536,0.551174031,0.816450326,0.509732865,0.782231151,0.566578955,0.836115095,0.303021538,0.795825689,0.403320356,0.898190102,0.121211228,0.376367945,0.856959025,0.22391366,0.653413337,0.702507463,0.564048832,0.819240966,0.237287589,0.694867721,0.665502418,0.663403806,0.750961572,0.490884843,0.907444187,0.027853397,0.098123854,0.326949764,0.740624233,0.689259732,0.591794566,0.734294819,0.678727795,0.635172723,0.846596833,0.300176385,0.700542348,0.622210371,0.652364926,0.853582808,0.354492208,0.791859275,0.515421532,0.782224831,0.559578235,0.798877261,0.33814477,0.821890761,0.2280645,0.6641259,0.8164683,0.5562389,0.8716256,0.2545647,0.7081757,0.8044699,0.5888015,0.9104031,0.3684619,0.9128618,0.3989658,0.9137763,0.3069706,0.8169812,0.618365,0.8983683,0.3255118,0.8264755,0.5750947,0.8923004,0.2552978,0.701307,0.7962255,0.6523901,0.7937329,0.5576166,0.917647,0.2481071,0.6923674,0.7639273,0.6139187,0.8570682,0.4415655,0.967348,0.2766856,0.7791484,0.7308926,0.7900036,0.665416,0.8019379,0.5192551,0.9132129,0.2494181,0.7058788,0.7877367,0.6379325,0.8616378,0.4128051,0.8657717,0.3400397,0.8541401,0.4773576,0.9369387,0.2309342,0.6776532,0.8247373,0.517696,0.9876863,0.2266322,0.6728755,0.8141328,0.5194536,0.9491553,0.2309122,0.6576585,0.8303664,0.4958951,0.8811033,0.2142253,0.6518887,0.8228553,0.4943229,0.9315815,0.2151145,0.6670662,0.839605,0.4827572,0.9454237,0.2233226,0.6423908,0.8434705,0.4865871,0.9897884,0.2126916,0.6711494,0.8467162,0.4932228,0.9492198,0.2369224,0.672151,0.8259049,0.4861988,0.9280164,0.2229774,0.640532,0.8201725,0.4721519,0.9061946
0.480173735,0.798846098,0.512350824,0.802468475,0.395866298,0.82816775,0.486262289,0.811005078,0.51868457,0.807226381,0.392999719,0.794605452,0.466105627,0.811392919,0.524883529,0.836151016,0.381543786,0.805437248,0.466367317,0.822049955,0.513696384,0.815116606,0.380007915,0.798725075,0.470849529,0.756071468,0.536724361,0.820254033,0.387401793,0.801255238,0.472748298,0.776668483,0.494695294,0.816054701,0.385820012,0.77820328,0.488576702,0.815959099,0.505444061,0.807940623,0.398101507,0.802044194,0.489216653,0.801702969,0.528284496,0.807082481,0.384027934,0.805798287,0.492984227,0.808905485,0.514429037,0.79832277,0.370013117,0.802498978,0.481307225,0.799327455,0.513876712,0.775317668,0.381002545,0.796821632,0.500278088,0.817249688,0.519830989,0.835550363,0.372592859,0.841003951,0.462066819,0.81610391,0.512708589,0.821733402,0.380815895,0.809368771,0.475107007,0.802721997,0.517051535,0.805520667,0.402530485,0.780129961,0.492268132,0.783823735,0.527033711,0.843411205,0.401044317,0.792356717,0.50680555,0.791540974,0.504739505,0.827979108,0.369534014,0.795420732,0.488764731,0.804560875,0.516605799,0.825040846,0.392858243,0.826283143,0.479736221,0.778422806,0.507339201,0.821235424,0.8755516,0.3126673,0.7764002,0.6203402,0.8288399,0.4884155,0.9272442,0.314782,0.7773335,0.6444083,0.8216589,0.4929098,0.9114479,0.3099329,0.7604219,0.6591019,0.8223263,0.511518,0.9251562,0.3137326,0.7490306,0.6289913,0.8499357,0.4700818,0.8822014,0.3133698,0.7713398,0.6331061,0.8562182,0.4935572,0.888068,0.298534,0.7812507,0.631128,0.7773317,0.5185968,0.8932554,0.3119737,0.7771276,0.6472244,0.8149483,0.476222,0.9023007,0.326754,0.7810468,0.6547646,0.8704012,0.4918337,0.9071849,0.3000819,0.780323,0.6567684,0.8267734,0.5369597,0.8810794,0.3076744,0.7878124,0.6542936,0.8384221,0.4851642,0.8860222,0.3060829,0.7684613,0.6379245,0.8405379,0.5306214,0.9142561,0.2979706,0.7700944,0.66435,0.8185778,0.5083808,0.9160416,0.303971,0.7594936,0.6475595,0.8538592,0.4864092,0.9126934,0.2998364,0.7590026,0.6445887,0.8643023,0.4917298,0.9304618,0.29462,0.7884406,0.6224904,0.8133788,0.5412549,0.8990265,0.2918742,0.7660812,0.6531947,0.8600913,0.4891136,0.9589085,0.3155287,0.7896033,0.6515523
0.754671435,0.468867504,0.964332053,0.038940294,0.136729704,0.434970312,0.863510028,0.426782622,0.840077262,0.416713817,0.808162257,0.499382608,0.882945742,0.318592636,0.763423348,0.610601055,0.726470922,0.654548155,0.668579718,0.788057529,0.371433793,0.814548532,0.31947469,0.778892421,0.419298826,0.924282488,0.035095858,0.136110046,0.439313728,0.893027348,0.099354063,0.342483815,0.802211476,0.367040536,0.801425109,0.26587931,0.693755556,0.553291587,0.960035745,0.02702228,0.093091449,0.319486952,0.765700949,0.587946646,0.718190643,0.679598737,0.655585992,0.72374841,0.525778868,0.91662877,0.038106221,0.146241944,0.451410161,0.914938623,0.112975204,0.397474315,0.833607987,0.424157367,0.860599694,0.489414453,0.868867973,0.219689905,0.659545091,0.747144541,0.631692881,0.666575761,0.747779904,0.47761043,0.880825084,0.108271985,0.369388973,0.805073671,0.459147789,0.835156609,0.50239989,0.861871475,0.220055823,0.627959835,0.712887669,0.633835537,0.702319257,0.770056876,0.52910525,0.828660676,0.369255239,0.787327628,0.533907683,0.826394756,0.455291243,0.848838225,0.433097914,0.84602071,0.306989299,0.733842457,0.657165424,0.702055055,0.674427738,0.627069499,0.845742687,0.268289565,0.9341502,0.2489536,0.7069492,0.7567542,0.6070486,0.8705108,0.3613091,0.8613037,0.4179024,0.8720256,0.3170724,0.7887674,0.6036548,0.8795202,0.3632506,0.8254711,0.4439334,0.9261153,0.273264,0.7430525,0.6748683,0.7831248,0.6124631,0.8884847,0.4302532,0.9375624,0.3358632,0.8491204,0.542991,0.971486,0.2508579,0.7191743,0.7452219,0.6444354,0.85751,0.5373004,0.8986005,0.2445476,0.7225106,0.7824262,0.6521604,0.8596265,0.4218689,0.8898829,0.3051358,0.7857155,0.6535361,0.8839429,0.4313276,0.9125998,0.3099076,0.7902533,0.5802953,0.9340965,0.3456315,0.854965,0.4796986,0.9537405,0.2572433,0.6984556,0.7816341,0.6276399,0.8651571,0.4182159,0.9017963,0.3195369,0.7840683,0.5934402,0.9166908,0.3484656,0.8727494,0.4783763,0.9354995,0.2587959,0.7156416,0.7426932,0.6408578,0.8043232,0.4760261,0.9177353,0.2458665,0.6960328,0.7857925,0.6134082,0.886242,0.3786409,0.8719825,0.4372728,0.9429168,0.3155173,0.7988107,0.5770186,0.9026321,0.3543511,0.858611,0.4614832,0.91556,0.2441867,0.7411993,0.7574052
